country,subitem,year,gross_output,value_added,subitem_code
ALB,"Agriculture, forestry and fishing (A)",2010,3006353664,2141580928,A
ALB,"Agriculture, forestry and fishing (A)",2011,3300625664,2349568768,A
ALB,"Agriculture, forestry and fishing (A)",2012,3233459968,2312038400,A
ALB,"Agriculture, forestry and fishing (A)",2013,3497113344,2499689984,A
ALB,"Agriculture, forestry and fishing (A)",2014,3666173952,2644326144,A
ALB,"Agriculture, forestry and fishing (A)",2015,3132628992,2252344320,A
ALB,"Agriculture, forestry and fishing (A)",2016,3280723968,2354445568,A
ALB,"Agriculture, forestry and fishing (A)",2017,3446885376,2476622592,A
ALB,"Agriculture, forestry and fishing (A)",2018,,,A
ALB,Manufacturing (C),2010,2128588032,650270400,C
ALB,Manufacturing (C),2011,2466450688,729860352,C
ALB,Manufacturing (C),2012,2110518784,568489920,C
ALB,Manufacturing (C),2013,2164787456,646452544,C
ALB,Manufacturing (C),2014,2293922048,704507328,C
ALB,Manufacturing (C),2015,1983895168,645804096,C
ALB,Manufacturing (C),2016,2043515648,674240896,C
ALB,Manufacturing (C),2017,2265964544,800087680,C
ALB,Manufacturing (C),2018,,,C
ALB,Mining and quarrying (B),2010,497164640,280323552,B
ALB,Mining and quarrying (B),2011,774570624,444693216,B
ALB,Mining and quarrying (B),2012,1029564800,556411904,B
ALB,Mining and quarrying (B),2013,1164890112,629478272,B
ALB,Mining and quarrying (B),2014,1157076608,661587200,B
ALB,Mining and quarrying (B),2015,713174144,370861696,B
ALB,Mining and quarrying (B),2016,554852544,290487552,B
ALB,Mining and quarrying (B),2017,592037568,312118912,B
ALB,Mining and quarrying (B),2018,,,B
ALB,Services,2010,6895176704,3984416512,S
ALB,Services,2011,7532156928,4331060736,S
ALB,Services,2012,7051240960,4211247104,S
ALB,Services,2013,7446104576,4299139584,S
ALB,Services,2014,7774797312,4587965440,S
ALB,Services,2015,6936186368,4046863360,S
ALB,Services,2016,7512021504,4252036864,S
ALB,Services,2017,8338970624,4849139200,S
ALB,Services,2018,,,S
AZE,"Agriculture, forestry and fishing (A)",2010,5129259520,2921073920,A
AZE,"Agriculture, forestry and fishing (A)",2011,6262865920,3347531520,A
AZE,"Agriculture, forestry and fishing (A)",2012,6722498560,3581386752,A
AZE,"Agriculture, forestry and fishing (A)",2013,7439635968,3979651328,A
AZE,"Agriculture, forestry and fishing (A)",2014,7413678592,4002307840,A
AZE,"Agriculture, forestry and fishing (A)",2015,6047939584,3278858752,A
AZE,"Agriculture, forestry and fishing (A)",2016,3899427072,2122425344,A
AZE,"Agriculture, forestry and fishing (A)",2017,4218388736,2291542784,A
AZE,"Agriculture, forestry and fishing (A)",2018,4537014272,2464740608,A
AZE,Manufacturing (C),2010,7159160320,2506572032,C
AZE,Manufacturing (C),2011,8160708096,2630411264,C
AZE,Manufacturing (C),2012,8966768640,2956422912,C
AZE,Manufacturing (C),2013,9233168384,3126413824,C
AZE,Manufacturing (C),2014,10290719744,3541542656,C
AZE,Manufacturing (C),2015,7720261120,2648932096,C
AZE,Manufacturing (C),2016,5571648512,1852704128,C
AZE,Manufacturing (C),2017,5645511680,1920512896,C
AZE,Manufacturing (C),2018,6341761536,2263448576,C
AZE,Mining and quarrying (B),2010,25992151040,24272349184,B
AZE,Mining and quarrying (B),2011,34056937472,31632809984,B
AZE,Mining and quarrying (B),2012,32592314368,30000941056,B
AZE,Mining and quarrying (B),2013,31427928064,29049083904,B
AZE,Mining and quarrying (B),2014,28024569856,25782323200,B
AZE,Mining and quarrying (B),2015,16038240256,14025675776,B
AZE,Mining and quarrying (B),2016,13276877824,11629221888,B
AZE,Mining and quarrying (B),2017,16283253760,13967017984,B
AZE,Mining and quarrying (B),2018,20480622592,17975941120,B
AZE,Services,2010,17414440960,11384040448,S
AZE,Services,2011,20500543488,13862591488,S
AZE,Services,2012,23458420736,15701358592,S
AZE,Services,2013,26252163072,17637699584,S
AZE,Services,2014,28602882048,19361443840,S
AZE,Services,2015,23494680576,15969625088,S
AZE,Services,2016,16158771200,10733827072,S
AZE,Services,2017,16787274752,11120325632,S
AZE,Services,2018,17794826240,11792414720,S
BEL,"Agriculture, forestry and fishing (A)",2010,11905863680,3690264832,A
BEL,"Agriculture, forestry and fishing (A)",2011,12975389696,3397902080,A
BEL,"Agriculture, forestry and fishing (A)",2012,13159833600,3905757440,A
BEL,"Agriculture, forestry and fishing (A)",2013,13485710336,3584856320,A
BEL,"Agriculture, forestry and fishing (A)",2014,12934681600,3451710720,A
BEL,"Agriculture, forestry and fishing (A)",2015,10954663936,3187186688,A
BEL,"Agriculture, forestry and fishing (A)",2016,10799610880,2984432128,A
BEL,"Agriculture, forestry and fishing (A)",2017,11706208256,3284887040,A
BEL,"Agriculture, forestry and fishing (A)",2018,,,A
BEL,Manufacturing (C),2010,267490639872,63726272512,C
BEL,Manufacturing (C),2011,318913085440,67372445696,C
BEL,Manufacturing (C),2012,294709329920,62710149120,C
BEL,Manufacturing (C),2013,296364769280,65164509184,C
BEL,Manufacturing (C),2014,292587012096,66845507584,C
BEL,Manufacturing (C),2015,237915291648,58164215808,C
BEL,Manufacturing (C),2016,239343222784,59207249920,C
BEL,Manufacturing (C),2017,269303676928,63654031360,C
BEL,Manufacturing (C),2018,,,C
BEL,Mining and quarrying (B),2010,889025600,329705728,B
BEL,Mining and quarrying (B),2011,984112384,377915872,B
BEL,Mining and quarrying (B),2012,818024960,313103008,B
BEL,Mining and quarrying (B),2013,822769152,298959360,B
BEL,Mining and quarrying (B),2014,1034237824,371980192,B
BEL,Mining and quarrying (B),2015,717189120,246311856,B
BEL,Mining and quarrying (B),2016,723139776,263885696,B
BEL,Mining and quarrying (B),2017,771233344,285131520,B
BEL,Mining and quarrying (B),2018,,,B
BEL,Services,2010,497882562560,273277796352,S
BEL,Services,2011,546786639872,300464832512,S
BEL,Services,2012,520245346304,285428514816,S
BEL,Services,2013,545473462272,300688048128,S
BEL,Services,2014,557658996736,308541390848,S
BEL,Services,2015,482860335104,264927379456,S
BEL,Services,2016,500383088640,272528293888,S
BEL,Services,2017,529270210560,287557746688,S
BEL,Services,2018,,,S
BLR,"Agriculture, forestry and fishing (A)",2010,127681735688192,50890115383296,A
BLR,"Agriculture, forestry and fishing (A)",2011,117828040523776,49421421117440,A
BLR,"Agriculture, forestry and fishing (A)",2012,122675531874304,53408895598592,A
BLR,"Agriculture, forestry and fishing (A)",2013,128184750178304,51427426697216,A
BLR,"Agriculture, forestry and fishing (A)",2014,138128731930624,57557582348288,A
BLR,"Agriculture, forestry and fishing (A)",2015,92725349187584,35471707078656,A
BLR,"Agriculture, forestry and fishing (A)",2016,8489299456,3290696704,A
BLR,"Agriculture, forestry and fishing (A)",2017,10217912320,4140433920,A
BLR,"Agriculture, forestry and fishing (A)",2018,10169615360,3819707392,A
BLR,Manufacturing (C),2010,501081754828800,128832015171584,C
BLR,Manufacturing (C),2011,643250943688704,163190990176256,C
BLR,Manufacturing (C),2012,673514222780416,162788789977088,C
BLR,Manufacturing (C),2013,621702019022848,166127690842112,C
BLR,Manufacturing (C),2014,592697903546368,166197333065728,C
BLR,Manufacturing (C),2015,410530288238592,116546915532800,C
BLR,Manufacturing (C),2016,35671977984,9617349632,C
BLR,Manufacturing (C),2017,43614920704,11836607488,C
BLR,Manufacturing (C),2018,48861192192,12808248320,C
BLR,Mining and quarrying (B),2010,3694974992384,1603039789056,B
BLR,Mining and quarrying (B),2011,9155939139584,6492411920384,B
BLR,Mining and quarrying (B),2012,9264387063808,6432914145280,B
BLR,Mining and quarrying (B),2013,9899240062976,6886355632128,B
BLR,Mining and quarrying (B),2014,8792531009536,5349698961408,B
BLR,Mining and quarrying (B),2015,5665746583552,3288845254656,B
BLR,Mining and quarrying (B),2016,510190976,300380064,B
BLR,Mining and quarrying (B),2017,618839808,373808096,B
BLR,Mining and quarrying (B),2018,739384000,480599712,B
BLR,Services,2010,270017530691584,183731285393408,S
BLR,Services,2011,270288583393280,181896411611136,S
BLR,Services,2012,295053247381504,194762791452672,S
BLR,Services,2013,370722249637888,249805884358656,S
BLR,Services,2014,381004803997696,263893628747776,S
BLR,Services,2015,291367326580736,200911322349568,S
BLR,Services,2016,26230398976,17921411072,S
BLR,Services,2017,30810660864,20401672192,S
BLR,Services,2018,33595226112,22486259712,S
BRA,"Agriculture, forestry and fishing (A)",2010,154977746944,90910400512,A
BRA,"Agriculture, forestry and fishing (A)",2011,195565142016,113594408960,A
BRA,"Agriculture, forestry and fishing (A)",2012,182346383360,102758809600,A
BRA,"Agriculture, forestry and fishing (A)",2013,189927211008,111447154688,A
BRA,"Agriculture, forestry and fishing (A)",2014,184901353472,106238885888,A
BRA,"Agriculture, forestry and fishing (A)",2015,143896526848,77840228352,A
BRA,"Agriculture, forestry and fishing (A)",2016,154331594752,87833706496,A
BRA,"Agriculture, forestry and fishing (A)",2017,,,A
BRA,"Agriculture, forestry and fishing (A)",2018,,,A
BRA,Manufacturing (C),2010,1134867906560,281005293568,C
BRA,Manufacturing (C),2011,1311473139712,308282589184,C
BRA,Manufacturing (C),2012,1208083546112,263186350080,C
BRA,Manufacturing (C),2013,1213920182272,259141894144,C
BRA,Manufacturing (C),2014,1173079588864,253883629568,C
BRA,Manufacturing (C),2015,834547613696,189609607168,C
BRA,Manufacturing (C),2016,802318385152,193570701312,C
BRA,Manufacturing (C),2017,,,C
BRA,Manufacturing (C),2018,,,C
BRA,Mining and quarrying (B),2010,112866066432,62507577344,B
BRA,Mining and quarrying (B),2011,157749559296,97180893184,B
BRA,Mining and quarrying (B),2012,148813512704,95332540416,B
BRA,Mining and quarrying (B),2013,140366643200,87860002816,B
BRA,Mining and quarrying (B),2014,135610499072,78538366976,B
BRA,Mining and quarrying (B),2015,78322958336,33294915584,B
BRA,Mining and quarrying (B),2016,59522871296,15913495552,B
BRA,Mining and quarrying (B),2017,,,B
BRA,Mining and quarrying (B),2018,,,B
BRA,Services,2010,1592519557120,1013051359232,S
BRA,Services,2011,1879842750464,1193623027712,S
BRA,Services,2012,1793248854016,1142908125184,S
BRA,Services,2013,1806525136896,1166046920704,S
BRA,Services,2014,1834926604288,1192093548544,S
BRA,Services,2015,1380394729472,898177564672,S
BRA,Services,2016,1396186284032,914672713728,S
BRA,Services,2017,,,S
BRA,Services,2018,,,S
CAN,"Agriculture, forestry and fishing (A)",2010,63413448704,21486968832,A
CAN,"Agriculture, forestry and fishing (A)",2011,74676158464,28727586816,A
CAN,"Agriculture, forestry and fishing (A)",2012,79539527680,30046087168,A
CAN,"Agriculture, forestry and fishing (A)",2013,80167944192,31780225024,A
CAN,"Agriculture, forestry and fishing (A)",2014,72587649024,25667411968,A
CAN,"Agriculture, forestry and fishing (A)",2015,68009807872,26575200256,A
CAN,"Agriculture, forestry and fishing (A)",2016,,,A
CAN,"Agriculture, forestry and fishing (A)",2017,,,A
CAN,"Agriculture, forestry and fishing (A)",2018,,,A
CAN,Manufacturing (C),2010,567225286656,167012794368,C
CAN,Manufacturing (C),2011,638092247040,184229969920,C
CAN,Manufacturing (C),2012,653773307904,189308256256,C
CAN,Manufacturing (C),2013,637371285504,183267786752,C
CAN,Manufacturing (C),2014,615692894208,176175153152,C
CAN,Manufacturing (C),2015,536157650944,160531136512,C
CAN,Manufacturing (C),2016,,,C
CAN,Manufacturing (C),2017,,,C
CAN,Manufacturing (C),2018,,,C
CAN,Mining and quarrying (B),2010,168447574016,112443031552,B
CAN,Mining and quarrying (B),2011,212424835072,141547470848,B
CAN,Mining and quarrying (B),2012,201539026944,124605161472,B
CAN,Mining and quarrying (B),2013,215888674816,131432947712,B
CAN,Mining and quarrying (B),2014,219528953856,140922748928,B
CAN,Mining and quarrying (B),2015,130443231232,69156208640,B
CAN,Mining and quarrying (B),2016,,,B
CAN,Mining and quarrying (B),2017,,,B
CAN,Mining and quarrying (B),2018,,,B
CAN,Services,2010,1460265418752,890807320576,S
CAN,Services,2011,1594136854528,974489780224,S
CAN,Services,2012,1627800076288,998821527552,S
CAN,Services,2013,1641345056768,1009614848000,S
CAN,Services,2014,1603938942976,984695898112,S
CAN,Services,2015,1438341267456,880333291520,S
CAN,Services,2016,,,S
CAN,Services,2017,,,S
CAN,Services,2018,,,S
CHE,"Agriculture, forestry and fishing (A)",2010,10462131200,4081334784,A
CHE,"Agriculture, forestry and fishing (A)",2011,12439577600,4878243840,A
CHE,"Agriculture, forestry and fishing (A)",2012,11594013696,4401488384,A
CHE,"Agriculture, forestry and fishing (A)",2013,12060023808,4770999296,A
CHE,"Agriculture, forestry and fishing (A)",2014,12623915008,5112896000,A
CHE,"Agriculture, forestry and fishing (A)",2015,11493262336,4418192384,A
CHE,"Agriculture, forestry and fishing (A)",2016,11246301184,4451606528,A
CHE,"Agriculture, forestry and fishing (A)",2017,11315176448,4509259776,A
CHE,"Agriculture, forestry and fishing (A)",2018,,,A
CHE,Manufacturing (C),2010,312409227264,109709877248,C
CHE,Manufacturing (C),2011,372809531392,133848825856,C
CHE,Manufacturing (C),2012,354003255296,125358358528,C
CHE,Manufacturing (C),2013,361940680704,128394518528,C
CHE,Manufacturing (C),2014,369219272704,130220335104,C
CHE,Manufacturing (C),2015,334814117888,121978085376,C
CHE,Manufacturing (C),2016,331110973440,120054988800,C
CHE,Manufacturing (C),2017,343036395520,121674768384,C
CHE,Manufacturing (C),2018,,,C
CHE,Mining and quarrying (B),2010,1773333504,804652288,B
CHE,Mining and quarrying (B),2011,2147795712,911468736,B
CHE,Mining and quarrying (B),2012,2053542784,852438080,B
CHE,Mining and quarrying (B),2013,2061892992,876097600,B
CHE,Mining and quarrying (B),2014,2009337088,836091456,B
CHE,Mining and quarrying (B),2015,1945788672,828545984,B
CHE,Mining and quarrying (B),2016,1987227392,848050688,B
CHE,Mining and quarrying (B),2017,1990537728,875107840,B
CHE,Mining and quarrying (B),2018,,,B
CHE,Services,2010,555817172992,316935274496,S
CHE,Services,2011,664399446016,382932877312,S
CHE,Services,2012,648290238464,371342344192,S
CHE,Services,2013,672543539200,385491271680,S
CHE,Services,2014,696405655552,397752205312,S
CHE,Services,2015,677720489984,385135902720,S
CHE,Services,2016,675746611200,382985928704,S
CHE,Services,2017,,,S
CHE,Services,2018,,,S
CYP,"Agriculture, forestry and fishing (A)",2010,1057126464,538373504,A
CYP,"Agriculture, forestry and fishing (A)",2011,1137366656,600628672,A
CYP,"Agriculture, forestry and fishing (A)",2012,1036310528,523679840,A
CYP,"Agriculture, forestry and fishing (A)",2013,981877632,535497184,A
CYP,"Agriculture, forestry and fishing (A)",2014,944298304,427112992,A
CYP,"Agriculture, forestry and fishing (A)",2015,831468928,363698336,A
CYP,"Agriculture, forestry and fishing (A)",2016,843570816,394057504,A
CYP,"Agriculture, forestry and fishing (A)",2017,888155328,388271424,A
CYP,"Agriculture, forestry and fishing (A)",2018,,420892192,A
CYP,Manufacturing (C),2010,4333502464,1316966912,C
CYP,Manufacturing (C),2011,4457458176,1350892544,C
CYP,Manufacturing (C),2012,3886357248,1176737920,C
CYP,Manufacturing (C),2013,3261193728,1117611264,C
CYP,Manufacturing (C),2014,3206203648,953996352,C
CYP,Manufacturing (C),2015,2720636416,837682240,C
CYP,Manufacturing (C),2016,2912704768,934447552,C
CYP,Manufacturing (C),2017,3166270464,1038515904,C
CYP,Manufacturing (C),2018,,1145407744,C
CYP,Mining and quarrying (B),2010,114011632,63104112,B
CYP,Mining and quarrying (B),2011,112609184,58601316,B
CYP,Mining and quarrying (B),2012,72462080,36616476,B
CYP,Mining and quarrying (B),2013,105054136,27624856,B
CYP,Mining and quarrying (B),2014,47693176,13019307,B
CYP,Mining and quarrying (B),2015,109176064,27404968,B
CYP,Mining and quarrying (B),2016,55123772,19702874,B
CYP,Mining and quarrying (B),2017,61567624,23610336,B
CYP,Mining and quarrying (B),2018,,,B
CYP,Services,2010,49363324928,29180745728,S
CYP,Services,2011,53964017664,32617269248,S
CYP,Services,2012,50381959168,30503452672,S
CYP,Services,2013,29427509248,30317484032,S
CYP,Services,2014,28961314816,15438241792,S
CYP,Services,2015,25527228416,12963326976,S
CYP,Services,2016,26889664512,13318369280,S
CYP,Services,2017,28509200384,13998218240,S
CYP,Services,2018,,,S
CZE,"Agriculture, forestry and fishing (A)",2010,9176600576,3152644864,A
CZE,"Agriculture, forestry and fishing (A)",2011,13045891072,4895592448,A
CZE,"Agriculture, forestry and fishing (A)",2012,12254680064,4872736768,A
CZE,"Agriculture, forestry and fishing (A)",2013,12761959424,5033268224,A
CZE,"Agriculture, forestry and fishing (A)",2014,12536192000,5141274112,A
CZE,"Agriculture, forestry and fishing (A)",2015,10567203840,4162406656,A
CZE,"Agriculture, forestry and fishing (A)",2016,10215297024,4028491776,A
CZE,"Agriculture, forestry and fishing (A)",2017,11118981120,4442570240,A
CZE,"Agriculture, forestry and fishing (A)",2018,12122733568,4821417472,A
CZE,Manufacturing (C),2010,170020929536,43985129472,C
CZE,Manufacturing (C),2011,199704821760,50283577344,C
CZE,Manufacturing (C),2012,182872227840,46086119424,C
CZE,Manufacturing (C),2013,184098504704,46550274048,C
CZE,Manufacturing (C),2014,192473808896,50261352448,C
CZE,Manufacturing (C),2015,169448128512,45077819392,C
CZE,Manufacturing (C),2016,173099122688,47071969280,C
CZE,Manufacturing (C),2017,193718484992,51952586752,C
CZE,Manufacturing (C),2018,215909974016,56552124416,C
CZE,Mining and quarrying (B),2010,4651316224,2358750208,B
CZE,Mining and quarrying (B),2011,5258162176,2722718464,B
CZE,Mining and quarrying (B),2012,4532908032,2195326208,B
CZE,Mining and quarrying (B),2013,3967280896,1632909952,B
CZE,Mining and quarrying (B),2014,3577694976,1892039040,B
CZE,Mining and quarrying (B),2015,2901814272,1530890880,B
CZE,Mining and quarrying (B),2016,2511915264,1221567232,B
CZE,Mining and quarrying (B),2017,2877012480,1416347008,B
CZE,Mining and quarrying (B),2018,3161954048,1491952256,B
CZE,Services,2010,188353331200,95680126976,S
CZE,Services,2011,205294419968,103243423744,S
CZE,Services,2012,184030396416,92997992448,S
CZE,Services,2013,185597231104,94166327296,S
CZE,Services,2014,180529004544,91901198336,S
CZE,Services,2015,159950782464,82042830848,S
CZE,Services,2016,167827259392,86612525056,S
CZE,Services,2017,186517995520,95876833280,S
CZE,Services,2018,215208886272,111484043264,S
DEU,"Agriculture, forestry and fishing (A)",2010,60477865984,22139467776,A
DEU,"Agriculture, forestry and fishing (A)",2011,72435957760,27793170432,A
DEU,"Agriculture, forestry and fishing (A)",2012,68899364864,24909481984,A
DEU,"Agriculture, forestry and fishing (A)",2013,77040140288,32990451712,A
DEU,"Agriculture, forestry and fishing (A)",2014,81778515968,34119884800,A
DEU,"Agriculture, forestry and fishing (A)",2015,61844246528,22080415744,A
DEU,"Agriculture, forestry and fishing (A)",2016,61086658560,23304736768,A
DEU,"Agriculture, forestry and fishing (A)",2017,68796456960,28775239680,A
DEU,"Agriculture, forestry and fishing (A)",2018,,,A
DEU,Manufacturing (C),2010,2076476571648,682976083968,C
DEU,Manufacturing (C),2011,2447465250816,773932711936,C
DEU,Manufacturing (C),2012,2256602660864,723694452736,C
DEU,Manufacturing (C),2013,2325079130112,757618311168,C
DEU,Manufacturing (C),2014,2378557030400,799001542656,C
DEU,Manufacturing (C),2015,2017676886016,699737571328,C
DEU,Manufacturing (C),2016,2052794875904,737529495552,C
DEU,Manufacturing (C),2017,2200163581952,779720654848,C
DEU,Manufacturing (C),2018,,,C
DEU,Mining and quarrying (B),2010,16612555776,7027623936,B
DEU,Mining and quarrying (B),2011,17949263872,7671065600,B
DEU,Mining and quarrying (B),2012,16215317504,7582822400,B
DEU,Mining and quarrying (B),2013,15755464704,6940744704,B
DEU,Mining and quarrying (B),2014,15860970496,6635860992,B
DEU,Mining and quarrying (B),2015,12960220160,5230243840,B
DEU,Mining and quarrying (B),2016,11771914240,4665596416,B
DEU,Mining and quarrying (B),2017,12258170880,4654286336,B
DEU,Mining and quarrying (B),2018,,,B
DEU,Services,2010,3066307018752,1814601138176,S
DEU,Services,2011,3349494104064,1973660155904,S
DEU,Services,2012,3141684428800,1870156267520,S
DEU,Services,2013,3325954359296,2001127211008,S
DEU,Services,2014,3447300030464,2066233163776,S
DEU,Services,2015,2977265876992,1789891706880,S
DEU,Services,2016,3054997340160,1834047635456,S
DEU,Services,2017,3227751022592,1930565255168,S
DEU,Services,2018,,,S
DNK,"Agriculture, forestry and fishing (A)",2010,12963731456,3870147584,A
DNK,"Agriculture, forestry and fishing (A)",2011,14956661760,4513745920,A
DNK,"Agriculture, forestry and fishing (A)",2012,15349568512,5413402112,A
DNK,"Agriculture, forestry and fishing (A)",2013,15036559360,4473932800,A
DNK,"Agriculture, forestry and fishing (A)",2014,15101202432,4880028672,A
DNK,"Agriculture, forestry and fishing (A)",2015,11676589056,2898375424,A
DNK,"Agriculture, forestry and fishing (A)",2016,11530785792,3108567552,A
DNK,"Agriculture, forestry and fishing (A)",2017,13295686656,4706573312,A
DNK,"Agriculture, forestry and fishing (A)",2018,,,A
DNK,Manufacturing (C),2010,102754320384,35206680576,C
DNK,Manufacturing (C),2011,116510269440,37989376000,C
DNK,Manufacturing (C),2012,113134870528,37406285824,C
DNK,Manufacturing (C),2013,115758178304,40473182208,C
DNK,Manufacturing (C),2014,118905110528,41865728000,C
DNK,Manufacturing (C),2015,102940041216,37541838848,C
DNK,Manufacturing (C),2016,105136160768,40528732160,C
DNK,Manufacturing (C),2017,109746585600,41308708864,C
DNK,Manufacturing (C),2018,,,C
DNK,Mining and quarrying (B),2010,9894249472,8603015168,B
DNK,Mining and quarrying (B),2011,11895591936,10513882112,B
DNK,Mining and quarrying (B),2012,11356802048,9779237888,B
DNK,Mining and quarrying (B),2013,9886382080,8433649152,B
DNK,Mining and quarrying (B),2014,8347131904,7031667200,B
DNK,Mining and quarrying (B),2015,4506156544,3481617920,B
DNK,Mining and quarrying (B),2016,3838693120,2824093440,B
DNK,Mining and quarrying (B),2017,4386713088,3301885952,B
DNK,Mining and quarrying (B),2018,,,B
DNK,Services,2010,315805007872,175641673728,S
DNK,Services,2011,337615650816,183661379584,S
DNK,Services,2012,322417229824,173463126016,S
DNK,Services,2013,337028481024,184801181696,S
DNK,Services,2014,345414270976,190956847104,S
DNK,Services,2015,296329478144,164025745408,S
DNK,Services,2016,299782897664,167030767616,S
DNK,Services,2017,318748459008,177314381824,S
DNK,Services,2018,,,S
ECU,"Agriculture, forestry and fishing (A)",2010,10643239936,6769906176,A
ECU,"Agriculture, forestry and fishing (A)",2011,12077274112,7611445248,A
ECU,"Agriculture, forestry and fishing (A)",2012,12288493568,7598801920,A
ECU,"Agriculture, forestry and fishing (A)",2013,13626473472,8342245888,A
ECU,"Agriculture, forestry and fishing (A)",2014,15128869888,9284062208,A
ECU,"Agriculture, forestry and fishing (A)",2015,15418097664,9387757568,A
ECU,"Agriculture, forestry and fishing (A)",2016,15431972864,9513085952,A
ECU,"Agriculture, forestry and fishing (A)",2017,16049252352,9730030592,A
ECU,"Agriculture, forestry and fishing (A)",2018,,,A
ECU,Manufacturing (C),2010,28747999232,9321730048,C
ECU,Manufacturing (C),2011,32977399808,10338499584,C
ECU,Manufacturing (C),2012,35720499200,11390400512,C
ECU,Manufacturing (C),2013,38164201472,12407600128,C
ECU,Manufacturing (C),2014,41283301376,14002400256,C
ECU,Manufacturing (C),2015,40266399744,14321200128,C
ECU,Manufacturing (C),2016,39532089344,14541422592,C
ECU,Manufacturing (C),2017,41338875904,14983046144,C
ECU,Manufacturing (C),2018,,,C
ECU,Mining and quarrying (B),2010,11522599936,8679222272,B
ECU,Mining and quarrying (B),2011,14686699520,10462900224,B
ECU,Mining and quarrying (B),2012,16043499520,11380799488,B
ECU,Mining and quarrying (B),2013,17061300224,11851200512,B
ECU,Mining and quarrying (B),2014,16589800448,11267300352,B
ECU,Mining and quarrying (B),2015,9302819840,4690710016,B
ECU,Mining and quarrying (B),2016,8446443008,3800421888,B
ECU,Mining and quarrying (B),2017,9757619200,5023892992,B
ECU,Mining and quarrying (B),2018,,,B
ESP,"Agriculture, forestry and fishing (A)",2010,59545890816,33478322176,A
ESP,"Agriculture, forestry and fishing (A)",2011,63772430336,33951180800,A
ESP,"Agriculture, forestry and fishing (A)",2012,58852315136,30859337728,A
ESP,"Agriculture, forestry and fishing (A)",2013,65820200960,34197710848,A
ESP,"Agriculture, forestry and fishing (A)",2014,63382769664,33557927936,A
ESP,"Agriculture, forestry and fishing (A)",2015,57350721536,31220582400,A
ESP,"Agriculture, forestry and fishing (A)",2016,58506469376,33313355776,A
ESP,"Agriculture, forestry and fishing (A)",2017,60958724096,35398557696,A
ESP,"Agriculture, forestry and fishing (A)",2018,,,A
ESP,Manufacturing (C),2010,689222844416,174246887424,C
ESP,Manufacturing (C),2011,765348478976,184360304640,C
ESP,Manufacturing (C),2012,686517846016,161929625600,C
ESP,Manufacturing (C),2013,695585865728,166919208960,C
ESP,Manufacturing (C),2014,711677837312,172283953152,C
ESP,Manufacturing (C),2015,609326727168,149319352320,C
ESP,Manufacturing (C),2016,609797341184,155308457984,C
ESP,Manufacturing (C),2017,659394920448,169201385472,C
ESP,Manufacturing (C),2018,,,C
ESP,Mining and quarrying (B),2010,11036591104,4610842624,B
ESP,Mining and quarrying (B),2011,11251174400,4896898560,B
ESP,Mining and quarrying (B),2012,9633345536,4126741248,B
ESP,Mining and quarrying (B),2013,8292768768,3503575296,B
ESP,Mining and quarrying (B),2014,7904579584,3183087872,B
ESP,Mining and quarrying (B),2015,6598273024,2475323136,B
ESP,Mining and quarrying (B),2016,6697870336,2520418304,B
ESP,Mining and quarrying (B),2017,7301129216,2688641280,B
ESP,Mining and quarrying (B),2018,,,B
ESP,Services,2010,1238805250048,771956801536,S
ESP,Services,2011,1305211437056,818028478464,S
ESP,Services,2012,1177998327808,741501632512,S
ESP,Services,2013,1189520998400,757146779648,S
ESP,Services,2014,1219438837760,769071710208,S
ESP,Services,2015,1056098680832,663855890432,S
ESP,Services,2016,1082978467840,679807811584,S
ESP,Services,2017,1139213467648,713600401408,S
ESP,Services,2018,,,S
FRA,"Agriculture, forestry and fishing (A)",2010,104438628352,42429562880,A
FRA,"Agriculture, forestry and fishing (A)",2011,118302277632,47283326976,A
FRA,"Agriculture, forestry and fishing (A)",2012,112794165248,43792019456,A
FRA,"Agriculture, forestry and fishing (A)",2013,114158387200,41014939648,A
FRA,"Agriculture, forestry and fishing (A)",2014,117115314176,44448976896,A
FRA,"Agriculture, forestry and fishing (A)",2015,97937809408,39164694528,A
FRA,"Agriculture, forestry and fishing (A)",2016,92821569536,35778428928,A
FRA,"Agriculture, forestry and fishing (A)",2017,96726687744,39082450944,A
FRA,"Agriculture, forestry and fishing (A)",2018,,,A
FRA,Manufacturing (C),2010,941305233408,273171873792,C
FRA,Manufacturing (C),2011,1065980198912,297861709824,C
FRA,Manufacturing (C),2012,974232092672,278070657024,C
FRA,Manufacturing (C),2013,989850370048,291151347712,C
FRA,Manufacturing (C),2014,992224018432,293605310464,C
FRA,Manufacturing (C),2015,824301518848,254496735232,C
FRA,Manufacturing (C),2016,822705717248,254351933440,C
FRA,Manufacturing (C),2017,871947829248,262479167488,C
FRA,Manufacturing (C),2018,,,C
FRA,Mining and quarrying (B),2010,7128378368,2982862592,B
FRA,Mining and quarrying (B),2011,7955024384,3117979904,B
FRA,Mining and quarrying (B),2012,7237214208,2845806848,B
FRA,Mining and quarrying (B),2013,7429492224,2803657216,B
FRA,Mining and quarrying (B),2014,7068952576,2901445632,B
FRA,Mining and quarrying (B),2015,5123730432,2156892928,B
FRA,Mining and quarrying (B),2016,5049691648,2077657088,B
FRA,Mining and quarrying (B),2017,5242850304,2092169600,B
FRA,Mining and quarrying (B),2018,,,B
FRA,Services,2010,2615221420032,1612210634752,S
FRA,Services,2011,2822024986624,1734294110208,S
FRA,Services,2012,2666807427072,1627858010112,S
FRA,Services,2013,2793637937152,1709685080064,S
FRA,Services,2014,2852459905024,1740871303168,S
FRA,Services,2015,2435294167040,1480413020160,S
FRA,Services,2016,2476380258304,1503277219840,S
FRA,Services,2017,2604810895360,1574587990016,S
FRA,Services,2018,,,S
GBR,"Agriculture, forestry and fishing (A)",2010,39140618240,16176350208,A
GBR,"Agriculture, forestry and fishing (A)",2011,41591574528,16046057472,A
GBR,"Agriculture, forestry and fishing (A)",2012,41736237056,16164676608,A
GBR,"Agriculture, forestry and fishing (A)",2013,44754984960,18062704640,A
GBR,"Agriculture, forestry and fishing (A)",2014,47619862528,19449438208,A
GBR,"Agriculture, forestry and fishing (A)",2015,43407220736,17075971072,A
GBR,"Agriculture, forestry and fishing (A)",2016,37330157568,15457017856,A
GBR,"Agriculture, forestry and fishing (A)",2017,,,A
GBR,"Agriculture, forestry and fishing (A)",2018,,,A
GBR,Manufacturing (C),2010,655958802432,218325876736,C
GBR,Manufacturing (C),2011,720621010944,233780559872,C
GBR,Manufacturing (C),2012,727898587136,234094788608,C
GBR,Manufacturing (C),2013,746356736000,247432773632,C
GBR,Manufacturing (C),2014,796090892288,270029619200,C
GBR,Manufacturing (C),2015,745333981184,261630410752,C
GBR,Manufacturing (C),2016,672094027776,237657047040,C
GBR,Manufacturing (C),2017,,,C
GBR,Manufacturing (C),2018,,,C
GBR,Mining and quarrying (B),2010,72247361536,47257378816,B
GBR,Mining and quarrying (B),2011,79986753536,51538046976,B
GBR,Mining and quarrying (B),2012,74239352832,44859228160,B
GBR,Mining and quarrying (B),2013,73329516544,43152572416,B
GBR,Mining and quarrying (B),2014,69349916672,39961849856,B
GBR,Mining and quarrying (B),2015,54657773568,30697637888,B
GBR,Mining and quarrying (B),2016,43909652480,24674791424,B
GBR,Mining and quarrying (B),2017,,,B
GBR,Mining and quarrying (B),2018,,,B
GBR,Services,2010,2546009899008,1498280099840,S
GBR,Services,2011,2716125626368,1599371345920,S
GBR,Services,2012,2762984390656,1638955745280,S
GBR,Services,2013,2857227780096,1675959205888,S
GBR,Services,2014,3118363574272,1853587456000,S
GBR,Services,2015,2959534718976,1771931828224,S
GBR,Services,2016,2703364718592,1630859821056,S
GBR,Services,2017,,,S
GBR,Services,2018,,,S
GRC,"Agriculture, forestry and fishing (A)",2010,16226468864,8642103296,A
GRC,"Agriculture, forestry and fishing (A)",2011,17094473728,8503222272,A
GRC,"Agriculture, forestry and fishing (A)",2012,15735216128,7953691136,A
GRC,"Agriculture, forestry and fishing (A)",2013,15999927296,7695264256,A
GRC,"Agriculture, forestry and fishing (A)",2014,16203247616,8064545792,A
GRC,"Agriculture, forestry and fishing (A)",2015,14067197952,7467173376,A
GRC,"Agriculture, forestry and fishing (A)",2016,13648357376,6988356608,A
GRC,"Agriculture, forestry and fishing (A)",2017,14610771968,7538656256,A
GRC,"Agriculture, forestry and fishing (A)",2018,,,A
GRC,Manufacturing (C),2010,79204343808,21683499008,C
GRC,Manufacturing (C),2011,81699880960,22515187712,C
GRC,Manufacturing (C),2012,75909873664,19755870208,C
GRC,Manufacturing (C),2013,75382267904,20255027200,C
GRC,Manufacturing (C),2014,75561361408,19953080320,C
GRC,Manufacturing (C),2015,58245550080,17028197376,C
GRC,Manufacturing (C),2016,57366081536,17956255744,C
GRC,Manufacturing (C),2017,63737602048,19229808640,C
GRC,Manufacturing (C),2018,,,C
GRC,Mining and quarrying (B),2010,2105343616,1143732352,B
GRC,Mining and quarrying (B),2011,2085115264,1184823552,B
GRC,Mining and quarrying (B),2012,1674586624,892790656,B
GRC,Mining and quarrying (B),2013,1785179520,1088078336,B
GRC,Mining and quarrying (B),2014,1821786240,1008659840,B
GRC,Mining and quarrying (B),2015,1473165824,775643072,B
GRC,Mining and quarrying (B),2016,1333003392,716141952,B
GRC,Mining and quarrying (B),2017,1588770560,902386368,B
GRC,Mining and quarrying (B),2018,,,B
GRC,Services,2010,269188087808,179293487104,S
GRC,Services,2011,255338905600,172030607360,S
GRC,Services,2012,223594921984,149712142336,S
GRC,Services,2013,221222354944,147456016384,S
GRC,Services,2014,218437500928,145152393216,S
GRC,Services,2015,179903053824,119755546624,S
GRC,Services,2016,173862567936,116279640064,S
GRC,Services,2017,182064611328,120570093568,S
GRC,Services,2018,,,S
HKG,"Agriculture, forestry and fishing (A)",2010,393864640,122020808,A
HKG,"Agriculture, forestry and fishing (A)",2011,444244608,121274408,A
HKG,"Agriculture, forestry and fishing (A)",2012,449047552,143623024,A
HKG,"Agriculture, forestry and fishing (A)",2013,446879840,157942240,A
HKG,"Agriculture, forestry and fishing (A)",2014,476394176,192930608,A
HKG,"Agriculture, forestry and fishing (A)",2015,463895264,210275104,A
HKG,"Agriculture, forestry and fishing (A)",2016,506425344,244516736,A
HKG,"Agriculture, forestry and fishing (A)",2017,486318272,222756864,A
HKG,"Agriculture, forestry and fishing (A)",2018,,,A
HKG,Manufacturing (C),2010,24967413760,3914190848,C
HKG,Manufacturing (C),2011,28279033856,3928314624,C
HKG,Manufacturing (C),2012,26353405952,3945120512,C
HKG,Manufacturing (C),2013,23220860928,3888086528,C
HKG,Manufacturing (C),2014,22022461440,3596169728,C
HKG,Manufacturing (C),2015,23319121920,3446447616,C
HKG,Manufacturing (C),2016,26238912512,3458275584,C
HKG,Manufacturing (C),2017,26849773568,3502903040,C
HKG,Manufacturing (C),2018,,,C
HKG,Mining and quarrying (B),2010,21881370,8881262,B
HKG,Mining and quarrying (B),2011,,,B
HKG,Mining and quarrying (B),2012,,,B
HKG,Mining and quarrying (B),2013,,,B
HKG,Mining and quarrying (B),2014,,,B
HKG,Mining and quarrying (B),2015,,,B
HKG,Mining and quarrying (B),2016,,,B
HKG,Mining and quarrying (B),2017,,,B
HKG,Mining and quarrying (B),2018,,,B
HRV,"Agriculture, forestry and fishing (A)",2010,4860157952,2482443264,A
HRV,"Agriculture, forestry and fishing (A)",2011,5062342656,2493417728,A
HRV,"Agriculture, forestry and fishing (A)",2012,4258847488,1871308416,A
HRV,"Agriculture, forestry and fishing (A)",2013,4207993600,1990558848,A
HRV,"Agriculture, forestry and fishing (A)",2014,3720421632,1702160384,A
HRV,"Agriculture, forestry and fishing (A)",2015,3172067328,1493459712,A
HRV,"Agriculture, forestry and fishing (A)",2016,3320971520,1618868096,A
HRV,"Agriculture, forestry and fishing (A)",2017,,1664006912,A
HRV,"Agriculture, forestry and fishing (A)",2018,,1781040768,A
HRV,Manufacturing (C),2010,24261500928,8026667008,C
HRV,Manufacturing (C),2011,26808569856,8708969472,C
HRV,Manufacturing (C),2012,20358129664,6894528000,C
HRV,Manufacturing (C),2013,20037126144,6890170880,C
HRV,Manufacturing (C),2014,20662470656,7092889088,C
HRV,Manufacturing (C),2015,18106241024,6191953920,C
HRV,Manufacturing (C),2016,18587537408,6541310976,C
HRV,Manufacturing (C),2017,,6886996480,C
HRV,Manufacturing (C),2018,,7257926144,C
HRV,Mining and quarrying (B),2010,4506521088,1393613184,B
HRV,Mining and quarrying (B),2011,4979537408,1682731904,B
HRV,Mining and quarrying (B),2012,4988759552,1655131136,B
HRV,Mining and quarrying (B),2013,4719292928,1425621504,B
HRV,Mining and quarrying (B),2014,3945884928,1088121088,B
HRV,Mining and quarrying (B),2015,2680954624,772610880,B
HRV,Mining and quarrying (B),2016,2323291648,711255808,B
HRV,Mining and quarrying (B),2017,,,B
HRV,Mining and quarrying (B),2018,,,B
HRV,Services,2010,91577638912,57734582272,S
HRV,Services,2011,96864018432,60589092864,S
HRV,Services,2012,44119748608,27356977152,S
HRV,Services,2013,45680066560,28035223552,S
HRV,Services,2014,45981102080,27973496832,S
HRV,Services,2015,39531921408,23737051136,S
HRV,Services,2016,41804513280,24695347200,S
HRV,Services,2017,,,S
HRV,Services,2018,,,S
HUN,"Agriculture, forestry and fishing (A)",2010,10040897536,3910371840,A
HUN,"Agriculture, forestry and fishing (A)",2011,12932665344,5499241472,A
HUN,"Agriculture, forestry and fishing (A)",2012,11826173952,4916697088,A
HUN,"Agriculture, forestry and fishing (A)",2013,12652155904,5207832064,A
HUN,"Agriculture, forestry and fishing (A)",2014,12737943552,5557453824,A
HUN,"Agriculture, forestry and fishing (A)",2015,10649706496,4604720128,A
HUN,"Agriculture, forestry and fishing (A)",2016,11007971328,4879115776,A
HUN,"Agriculture, forestry and fishing (A)",2017,11526530048,5247136256,A
HUN,"Agriculture, forestry and fishing (A)",2018,,,A
HUN,Manufacturing (C),2010,102011002880,23855013888,C
HUN,Manufacturing (C),2011,116864212992,26232619008,C
HUN,Manufacturing (C),2012,103701905408,23893475328,C
HUN,Manufacturing (C),2013,108031614976,25547016192,C
HUN,Manufacturing (C),2014,112397393920,27356475392,C
HUN,Manufacturing (C),2015,100099391488,25236881408,C
HUN,Manufacturing (C),2016,100417052672,25035603968,C
HUN,Manufacturing (C),2017,108763922432,27389233152,C
HUN,Manufacturing (C),2018,,,C
HUN,Mining and quarrying (B),2010,486481536,239453696,B
HUN,Mining and quarrying (B),2011,553435648,302529184,B
HUN,Mining and quarrying (B),2012,500892544,285903200,B
HUN,Mining and quarrying (B),2013,523467200,267444496,B
HUN,Mining and quarrying (B),2014,525714208,253364480,B
HUN,Mining and quarrying (B),2015,369087040,171025584,B
HUN,Mining and quarrying (B),2016,346404672,159017008,B
HUN,Mining and quarrying (B),2017,454336224,241293584,B
HUN,Mining and quarrying (B),2018,,,B
HUN,Services,2010,105963307008,62815522816,S
HUN,Services,2011,111847251968,66317078528,S
HUN,Services,2012,99568648192,59538493440,S
HUN,Services,2013,105119801344,62907764736,S
HUN,Services,2014,107569741824,64256491520,S
HUN,Services,2015,93523492864,55295127552,S
HUN,Services,2016,98058862592,58523783168,S
HUN,Services,2017,109945430016,65054691328,S
HUN,Services,2018,,,S
IND,"Agriculture, forestry and fishing (A)",2010,,,A
IND,"Agriculture, forestry and fishing (A)",2011,416775569408,321819803648,A
IND,"Agriculture, forestry and fishing (A)",2012,410968129536,313471500288,A
IND,"Agriculture, forestry and fishing (A)",2013,431398944768,328744501248,A
IND,"Agriculture, forestry and fishing (A)",2014,447354863616,343048945664,A
IND,"Agriculture, forestry and fishing (A)",2015,450713354240,346890174464,A
IND,"Agriculture, forestry and fishing (A)",2016,476445442048,369669373952,A
IND,"Agriculture, forestry and fishing (A)",2017,,,A
IND,"Agriculture, forestry and fishing (A)",2018,,,A
IND,Manufacturing (C),2010,,,C
IND,Manufacturing (C),2011,1402052804608,302115258368,C
IND,Manufacturing (C),2012,1343667830784,294333546496,C
IND,Manufacturing (C),2013,1359859548160,292408688640,C
IND,Manufacturing (C),2014,1393008443392,307780419584,C
IND,Manufacturing (C),2015,1300777009152,329860448256,C
IND,Manufacturing (C),2016,1321179938816,346634289152,C
IND,Manufacturing (C),2017,,,C
IND,Manufacturing (C),2018,,,C
IND,Mining and quarrying (B),2010,,,B
IND,Mining and quarrying (B),2011,93887856640,55931514880,B
IND,Mining and quarrying (B),2012,92090662912,53491167232,B
IND,Mining and quarrying (B),2013,94914920448,50478645248,B
IND,Mining and quarrying (B),2014,91288125440,50545381376,B
IND,Mining and quarrying (B),2015,78565818368,46955708416,B
IND,Mining and quarrying (B),2016,84013301760,49549139968,B
IND,Mining and quarrying (B),2017,,,B
IND,Mining and quarrying (B),2018,,,B
IND,Services,2010,,,S
IND,Services,2011,1072929505280,682000908288,S
IND,Services,2012,1066035314688,683218567168,S
IND,Services,2013,1112800231424,711296548864,S
IND,Services,2014,1221522227200,779402805248,S
IND,Services,2015,1279403491328,824862900224,S
IND,Services,2016,1394920259584,872140177408,S
IND,Services,2017,,,S
IND,Services,2018,,,S
ITA,"Agriculture, forestry and fishing (A)",2010,68255846400,37672493056,A
ITA,"Agriculture, forestry and fishing (A)",2011,77884071936,42983858176,A
ITA,"Agriculture, forestry and fishing (A)",2012,73902841856,40725102592,A
ITA,"Agriculture, forestry and fishing (A)",2013,79340576768,44643627008,A
ITA,"Agriculture, forestry and fishing (A)",2014,75658911744,41816817664,A
ITA,"Agriculture, forestry and fishing (A)",2015,64676945920,37018451968,A
ITA,"Agriculture, forestry and fishing (A)",2016,62288535552,35202396160,A
ITA,"Agriculture, forestry and fishing (A)",2017,65481854976,37256208384,A
ITA,"Agriculture, forestry and fishing (A)",2018,,,A
ITA,Manufacturing (C),2010,1187786915840,302633287680,C
ITA,Manufacturing (C),2011,1321339453440,323218276352,C
ITA,Manufacturing (C),2012,1171495845888,286265802752,C
ITA,Manufacturing (C),2013,1183371624448,295030128640,C
ITA,Manufacturing (C),2014,1190262996992,299780702208,C
ITA,Manufacturing (C),2015,999381532672,263931478016,C
ITA,Manufacturing (C),2016,997207900160,276196229120,C
ITA,Manufacturing (C),2017,1063997669376,290765930496,C
ITA,Manufacturing (C),2018,,,C
ITA,Mining and quarrying (B),2010,11253346304,6094849536,B
ITA,Mining and quarrying (B),2011,13246125056,7609123328,B
ITA,Mining and quarrying (B),2012,13995074560,8738747392,B
ITA,Mining and quarrying (B),2013,14372229120,8739548160,B
ITA,Mining and quarrying (B),2014,13715840000,7450364928,B
ITA,Mining and quarrying (B),2015,10333004800,4847017984,B
ITA,Mining and quarrying (B),2016,8800543744,4092884736,B
ITA,Mining and quarrying (B),2017,9106699264,4274826496,B
ITA,Mining and quarrying (B),2018,,,B
ITA,Services,2010,1917585981440,1172419510272,S
ITA,Services,2011,2046892572672,1252279582720,S
ITA,Services,2012,1857366917120,1143697833984,S
ITA,Services,2013,1912856248320,1181195304960,S
ITA,Services,2014,1939053346816,1199256633344,S
ITA,Services,2015,1646345322496,1012052918272,S
ITA,Services,2016,1660584460288,1026128347136,S
ITA,Services,2017,1724893364224,1064569667584,S
ITA,Services,2018,,,S
JPN,"Agriculture, forestry and fishing (A)",2010,136582553600,64429346816,A
JPN,"Agriculture, forestry and fishing (A)",2011,146732695552,67985244160,A
JPN,"Agriculture, forestry and fishing (A)",2012,151950491648,71935918080,A
JPN,"Agriculture, forestry and fishing (A)",2013,127656296448,58287427584,A
JPN,"Agriculture, forestry and fishing (A)",2014,118234234880,53480689664,A
JPN,"Agriculture, forestry and fishing (A)",2015,105385615360,48894603264,A
JPN,"Agriculture, forestry and fishing (A)",2016,122598989824,59665657856,A
JPN,"Agriculture, forestry and fishing (A)",2017,118931619840,57797300224,A
JPN,"Agriculture, forestry and fishing (A)",2018,,,A
JPN,Manufacturing (C),2010,3451833286656,1187502227456,C
JPN,Manufacturing (C),2011,3747845767168,1210908540928,C
JPN,Manufacturing (C),2012,3743856197632,1223988477952,C
JPN,Manufacturing (C),2013,3101477044224,1002078404608,C
JPN,Manufacturing (C),2014,2993385897984,957049536512,C
JPN,Manufacturing (C),2015,2640819257344,913595629568,C
JPN,Manufacturing (C),2016,2819410100224,1018601406464,C
JPN,Manufacturing (C),2017,2860251873280,1007330721792,C
JPN,Manufacturing (C),2018,,,C
JPN,Mining and quarrying (B),2010,9302815744,3459790592,B
JPN,Mining and quarrying (B),2011,9638249472,3921960704,B
JPN,Mining and quarrying (B),2012,9754299392,3630759936,B
JPN,Mining and quarrying (B),2013,8417382912,3276785152,B
JPN,Mining and quarrying (B),2014,8129707008,3230928384,B
JPN,Mining and quarrying (B),2015,6774394368,2605663488,B
JPN,Mining and quarrying (B),2016,6992184320,2628848128,B
JPN,Mining and quarrying (B),2017,7009245696,2685302528,B
JPN,Mining and quarrying (B),2018,,,B
KAZ,"Agriculture, forestry and fishing (A)",2010,13334189056,6677716480,A
KAZ,"Agriculture, forestry and fishing (A)",2011,16957333504,9610084352,A
KAZ,"Agriculture, forestry and fishing (A)",2012,16431721472,8919665664,A
KAZ,"Agriculture, forestry and fishing (A)",2013,18595194880,10656947200,A
KAZ,"Agriculture, forestry and fishing (A)",2014,16531006464,9586305024,A
KAZ,"Agriculture, forestry and fishing (A)",2015,16705726464,8685703168,A
KAZ,"Agriculture, forestry and fishing (A)",2016,11659104256,6254406144,A
KAZ,"Agriculture, forestry and fishing (A)",2017,13791281152,7101763072,A
KAZ,"Agriculture, forestry and fishing (A)",2018,,,A
KAZ,Manufacturing (C),2010,33170839552,16760911872,C
KAZ,Manufacturing (C),2011,42462777344,21355675648,C
KAZ,Manufacturing (C),2012,45854752768,23047903232,C
KAZ,Manufacturing (C),2013,48584450048,25166028800,C
KAZ,Manufacturing (C),2014,43334643712,22846201856,C
KAZ,Manufacturing (C),2015,35453661184,18946664448,C
KAZ,Manufacturing (C),2016,29969436672,15553824768,C
KAZ,Manufacturing (C),2017,36687839232,18235803648,C
KAZ,Manufacturing (C),2018,,,C
KAZ,Mining and quarrying (B),2010,53154070528,28836945920,B
KAZ,Mining and quarrying (B),2011,73365430272,34123751424,B
KAZ,Mining and quarrying (B),2012,75232944128,35468124160,B
KAZ,Mining and quarrying (B),2013,77680992256,36006862848,B
KAZ,Mining and quarrying (B),2014,68194570240,33387556864,B
KAZ,Mining and quarrying (B),2015,39386468352,23319382016,B
KAZ,Mining and quarrying (B),2016,32261742592,17675143168,B
KAZ,Mining and quarrying (B),2017,44334432256,22223335424,B
KAZ,Mining and quarrying (B),2018,,,B
KAZ,Services,2010,96244850688,57165824000,S
KAZ,Services,2011,100379312128,68032241664,S
KAZ,Services,2012,112358039552,75685773312,S
KAZ,Services,2013,131261358080,90063314944,S
KAZ,Services,2014,127929188352,85918048256,S
KAZ,Services,2015,118647701504,77655334912,S
KAZ,Services,2016,90193698816,56246648832,S
KAZ,Services,2017,103052148736,67535278080,S
KAZ,Services,2018,,,S
KGZ,"Agriculture, forestry and fishing (A)",2010,2503486464,836532544,A
KGZ,"Agriculture, forestry and fishing (A)",2011,3233820672,1026679552,A
KGZ,"Agriculture, forestry and fishing (A)",2012,3559684096,1100033536,A
KGZ,"Agriculture, forestry and fishing (A)",2013,3544642304,1073692864,A
KGZ,"Agriculture, forestry and fishing (A)",2014,3646527744,1099204864,A
KGZ,"Agriculture, forestry and fishing (A)",2015,3055070976,939002880,A
KGZ,"Agriculture, forestry and fishing (A)",2016,2823665152,874424960,A
KGZ,"Agriculture, forestry and fishing (A)",2017,3028026624,963990272,A
KGZ,"Agriculture, forestry and fishing (A)",2018,,,A
KGZ,Manufacturing (C),2010,2506582272,808343232,C
KGZ,Manufacturing (C),2011,3301719040,1132223232,C
KGZ,Manufacturing (C),2012,2481859328,797355968,C
KGZ,Manufacturing (C),2013,3260956416,1156594560,C
KGZ,Manufacturing (C),2014,2869579776,1021352384,C
KGZ,Manufacturing (C),2015,2332758272,938335808,C
KGZ,Manufacturing (C),2016,2483330048,1051550976,C
KGZ,Manufacturing (C),2017,2746302464,1154734208,C
KGZ,Manufacturing (C),2018,,,C
KGZ,Mining and quarrying (B),2010,52216656,30110350,B
KGZ,Mining and quarrying (B),2011,79648664,47000792,B
KGZ,Mining and quarrying (B),2012,129753592,57962564,B
KGZ,Mining and quarrying (B),2013,120194736,52566100,B
KGZ,Mining and quarrying (B),2014,99914160,48767980,B
KGZ,Mining and quarrying (B),2015,129854584,51560524,B
KGZ,Mining and quarrying (B),2016,156722400,43710804,B
KGZ,Mining and quarrying (B),2017,266769104,73665536,B
KGZ,Mining and quarrying (B),2018,,,B
KGZ,Services,2010,2807152896,1602125184,S
KGZ,Services,2011,3472044800,2029254016,S
KGZ,Services,2012,3839304448,2320376832,S
KGZ,Services,2013,4149947136,2429271552,S
KGZ,Services,2014,4126795008,2453046528,S
KGZ,Services,2015,3707314688,2228836608,S
KGZ,Services,2016,3653931520,2197630976,S
KGZ,Services,2017,4017057792,2473010432,S
KGZ,Services,2018,,,S
LTU,"Agriculture, forestry and fishing (A)",2010,10884016128,3732356608,A
LTU,"Agriculture, forestry and fishing (A)",2011,14541285376,5092086784,A
LTU,"Agriculture, forestry and fishing (A)",2012,15174402048,5233743360,A
LTU,"Agriculture, forestry and fishing (A)",2013,4416877056,1661816576,A
LTU,"Agriculture, forestry and fishing (A)",2014,4549304320,1662787840,A
LTU,"Agriculture, forestry and fishing (A)",2015,3846223616,1428490496,A
LTU,"Agriculture, forestry and fishing (A)",2016,3720230656,1323355008,A
LTU,"Agriculture, forestry and fishing (A)",2017,4170791680,1485089408,A
LTU,"Agriculture, forestry and fishing (A)",2018,,,A
LTU,Manufacturing (C),2010,71023656960,21497280512,C
LTU,Manufacturing (C),2011,93271687168,27403118592,C
LTU,Manufacturing (C),2012,91369078784,27473913856,C
LTU,Manufacturing (C),2013,27307374592,8174185984,C
LTU,Manufacturing (C),2014,26355226624,8431137792,C
LTU,Manufacturing (C),2015,21333958656,7209477120,C
LTU,Manufacturing (C),2016,20791736320,7264962048,C
LTU,Manufacturing (C),2017,23560046592,8191138304,C
LTU,Manufacturing (C),2018,,,C
LTU,Mining and quarrying (B),2010,758563904,421570848,B
LTU,Mining and quarrying (B),2011,1014063040,573475776,B
LTU,Mining and quarrying (B),2012,928728896,526295456,B
LTU,Mining and quarrying (B),2013,310458336,169274752,B
LTU,Mining and quarrying (B),2014,315032672,170959856,B
LTU,Mining and quarrying (B),2015,212890912,109203176,B
LTU,Mining and quarrying (B),2016,214686128,110895648,B
LTU,Mining and quarrying (B),2017,252382880,131729680,B
LTU,Mining and quarrying (B),2018,,,B
LTU,Services,2010,115388825600,72935333888,S
LTU,Services,2011,128057319424,81428856832,S
LTU,Services,2012,124453502976,79080161280,S
LTU,Services,2013,31139420160,19974430720,S
LTU,Services,2014,33155893248,20832274432,S
LTU,Services,2015,29368457216,18136502272,S
LTU,Services,2016,30782011392,19240552448,S
LTU,Services,2017,32669274112,21196441600,S
LTU,Services,2018,,,S
MEX,"Agriculture, forestry and fishing (A)",2010,53670690816,34052235264,A
MEX,"Agriculture, forestry and fishing (A)",2011,57523482624,36458893312,A
MEX,"Agriculture, forestry and fishing (A)",2012,60008542208,38121816064,A
MEX,"Agriculture, forestry and fishing (A)",2013,63475675136,40002035712,A
MEX,"Agriculture, forestry and fishing (A)",2014,65853943808,41209552896,A
MEX,"Agriculture, forestry and fishing (A)",2015,59602931712,37416706048,A
MEX,"Agriculture, forestry and fishing (A)",2016,56677658624,36102447104,A
MEX,"Agriculture, forestry and fishing (A)",2017,60877361152,39159603200,A
MEX,"Agriculture, forestry and fishing (A)",2018,,,A
MEX,Manufacturing (C),2010,629109161984,165615960064,C
MEX,Manufacturing (C),2011,705185644544,182313713664,C
MEX,Manufacturing (C),2012,732516974592,197430050816,C
MEX,Manufacturing (C),2013,757601075200,202975215616,C
MEX,Manufacturing (C),2014,776614248448,210283593728,C
MEX,Manufacturing (C),2015,703288836096,201697525760,C
MEX,Manufacturing (C),2016,656764960768,183872700416,C
MEX,Manufacturing (C),2017,725077852160,199618969600,C
MEX,Manufacturing (C),2018,,,C
MEX,Mining and quarrying (B),2010,92878159872,76104663040,B
MEX,Mining and quarrying (B),2011,122520117248,103058169856,B
MEX,Mining and quarrying (B),2012,118388211712,98118467584,B
MEX,Mining and quarrying (B),2013,115064356864,90322591744,B
MEX,Mining and quarrying (B),2014,109656014848,86582673408,B
MEX,Mining and quarrying (B),2015,64248041472,46243835904,B
MEX,Mining and quarrying (B),2016,55419068416,39210176512,B
MEX,Mining and quarrying (B),2017,69394210816,47650230272,B
MEX,Mining and quarrying (B),2018,,,B
MEX,Services,2010,625575329792,464142958592,S
MEX,Services,2011,682997186560,503427268608,S
MEX,Services,2012,694151282688,509156851712,S
MEX,Services,2013,751696609280,554135584768,S
MEX,Services,2014,762385596416,561005723648,S
MEX,Services,2015,679069155328,496950476800,S
MEX,Services,2016,617874456576,448680820736,S
MEX,Services,2017,654502461440,473908150272,S
MEX,Services,2018,,,S
MKD,"Agriculture, forestry and fishing (A)",2010,1794671232,952084032,A
MKD,"Agriculture, forestry and fishing (A)",2011,1933651584,981329216,A
MKD,"Agriculture, forestry and fishing (A)",2012,1696169856,887299584,A
MKD,"Agriculture, forestry and fishing (A)",2013,1977871104,1084742528,A
MKD,"Agriculture, forestry and fishing (A)",2014,2075666560,1156423808,A
MKD,"Agriculture, forestry and fishing (A)",2015,1753873408,978967680,A
MKD,"Agriculture, forestry and fishing (A)",2016,1773855104,978957696,A
MKD,"Agriculture, forestry and fishing (A)",2017,,,A
MKD,"Agriculture, forestry and fishing (A)",2018,,,A
MKD,Manufacturing (C),2010,4791935488,928076480,C
MKD,Manufacturing (C),2011,5726752768,1197445504,C
MKD,Manufacturing (C),2012,4892749312,997781376,C
MKD,Manufacturing (C),2013,4696807936,1072478400,C
MKD,Manufacturing (C),2014,5316004864,1244327552,C
MKD,Manufacturing (C),2015,4937548288,1183623680,C
MKD,Manufacturing (C),2016,5337283072,1311533056,C
MKD,Manufacturing (C),2017,,,C
MKD,Manufacturing (C),2018,,,C
MKD,Mining and quarrying (B),2010,242828960,132966496,B
MKD,Mining and quarrying (B),2011,270761408,136805056,B
MKD,Mining and quarrying (B),2012,252995120,138023920,B
MKD,Mining and quarrying (B),2013,273130880,148204544,B
MKD,Mining and quarrying (B),2014,275383072,142816752,B
MKD,Mining and quarrying (B),2015,240127872,128328688,B
MKD,Mining and quarrying (B),2016,210705840,109004344,B
MKD,Mining and quarrying (B),2017,,,B
MKD,Mining and quarrying (B),2018,,,B
MKD,Services,2010,6900296704,4145947648,S
MKD,Services,2011,7555681280,4460735488,S
MKD,Services,2012,7184280064,4304884736,S
MKD,Services,2013,7627015680,4460965376,S
MKD,Services,2014,7928073728,4590076928,S
MKD,Services,2015,6920980480,4075295744,S
MKD,Services,2016,7221488640,4270530048,S
MKD,Services,2017,,,S
MKD,Services,2018,,,S
MYS,"Agriculture, forestry and fishing (A)",2010,,25730961408,A
MYS,"Agriculture, forestry and fishing (A)",2011,,34125551616,A
MYS,"Agriculture, forestry and fishing (A)",2012,,30795888640,A
MYS,"Agriculture, forestry and fishing (A)",2013,,29461344256,A
MYS,"Agriculture, forestry and fishing (A)",2014,,29997312000,A
MYS,"Agriculture, forestry and fishing (A)",2015,,25125335040,A
MYS,"Agriculture, forestry and fishing (A)",2016,,25679912960,A
MYS,"Agriculture, forestry and fishing (A)",2017,,27637633024,A
MYS,"Agriculture, forestry and fishing (A)",2018,,,A
MYS,Manufacturing (C),2010,,59760275456,C
MYS,Manufacturing (C),2011,,69482905600,C
MYS,Manufacturing (C),2012,,72756346880,C
MYS,Manufacturing (C),2013,,73838706688,C
MYS,Manufacturing (C),2014,,77329006592,C
MYS,Manufacturing (C),2015,,67374383104,C
MYS,Manufacturing (C),2016,,65935785984,C
MYS,Manufacturing (C),2017,,70097403904,C
MYS,Manufacturing (C),2018,,,C
MYS,Mining and quarrying (B),2010,,27876569088,B
MYS,Mining and quarrying (B),2011,,31341420544,B
MYS,Mining and quarrying (B),2012,,32852113408,B
MYS,Mining and quarrying (B),2013,,32842708992,B
MYS,Mining and quarrying (B),2014,,33323761664,B
MYS,Mining and quarrying (B),2015,,26556905472,B
MYS,Mining and quarrying (B),2016,,25213939712,B
MYS,Mining and quarrying (B),2017,,28605671424,B
MYS,Mining and quarrying (B),2018,,,B
NLD,"Agriculture, forestry and fishing (A)",2010,38211129344,15070746624,A
NLD,"Agriculture, forestry and fishing (A)",2011,40867807232,14293988352,A
NLD,"Agriculture, forestry and fishing (A)",2012,38986911744,13921970176,A
NLD,"Agriculture, forestry and fishing (A)",2013,42247434240,15708980224,A
NLD,"Agriculture, forestry and fishing (A)",2014,40731832320,15508917248,A
NLD,"Agriculture, forestry and fishing (A)",2015,33683701760,13200984064,A
NLD,"Agriculture, forestry and fishing (A)",2016,34107004928,13850678272,A
NLD,"Agriculture, forestry and fishing (A)",2017,36988022784,15438223360,A
NLD,"Agriculture, forestry and fishing (A)",2018,,,A
NLD,Manufacturing (C),2010,348969730048,88714305536,C
NLD,Manufacturing (C),2011,413636198400,97797382144,C
NLD,Manufacturing (C),2012,390063128576,90059833344,C
NLD,Manufacturing (C),2013,398167146496,90244292608,C
NLD,Manufacturing (C),2014,399088254976,92434423808,C
NLD,Manufacturing (C),2015,338075222016,82695323648,C
NLD,Manufacturing (C),2016,336126607360,85078786048,C
NLD,Manufacturing (C),2017,371565690880,90742767616,C
NLD,Manufacturing (C),2018,,,C
NLD,Mining and quarrying (B),2010,27936827392,23198715904,B
NLD,Mining and quarrying (B),2011,32186181632,26291251200,B
NLD,Mining and quarrying (B),2012,33769383936,27502186496,B
NLD,Mining and quarrying (B),2013,36905742336,29618360320,B
NLD,Mining and quarrying (B),2014,30606000128,22240430080,B
NLD,Mining and quarrying (B),2015,20940945408,13945466880,B
NLD,Mining and quarrying (B),2016,14819218432,8769992704,B
NLD,Mining and quarrying (B),2017,14076956672,8517795840,B
NLD,Mining and quarrying (B),2018,,,B
NLD,Services,2010,846093549568,482816720896,S
NLD,Services,2011,912355688448,515012329472,S
NLD,Services,2012,860467888128,478477123584,S
NLD,Services,2013,896944504832,500464091136,S
NLD,Services,2014,924341633024,516842586112,S
NLD,Services,2015,798558584832,443077328896,S
NLD,Services,2016,814338670592,453856821248,S
NLD,Services,2017,860702965760,480306561024,S
NLD,Services,2018,,,S
NZL,"Agriculture, forestry and fishing (A)",2010,20996749312,9650290688,A
NZL,"Agriculture, forestry and fishing (A)",2011,23984627712,10576620544,A
NZL,"Agriculture, forestry and fishing (A)",2012,23731173376,9720617984,A
NZL,"Agriculture, forestry and fishing (A)",2013,28727056384,13427827712,A
NZL,"Agriculture, forestry and fishing (A)",2014,25666287616,9616458752,A
NZL,"Agriculture, forestry and fishing (A)",2015,21136351232,7959692800,A
NZL,"Agriculture, forestry and fishing (A)",2016,24216772608,10647917568,A
NZL,"Agriculture, forestry and fishing (A)",2017,,,A
NZL,"Agriculture, forestry and fishing (A)",2018,,,A
NZL,Manufacturing (C),2010,61684617216,15884466176,C
NZL,Manufacturing (C),2011,70456033280,18417444864,C
NZL,Manufacturing (C),2012,71447920640,18691002368,C
NZL,Manufacturing (C),2013,77047226368,19539810304,C
NZL,Manufacturing (C),2014,76359262208,22255067136,C
NZL,Manufacturing (C),2015,64046444544,20036612096,C
NZL,Manufacturing (C),2016,65898610688,18779346944,C
NZL,Manufacturing (C),2017,,,C
NZL,Manufacturing (C),2018,,,C
NZL,Mining and quarrying (B),2010,5608019968,3015490560,B
NZL,Mining and quarrying (B),2011,6444091392,3164770048,B
NZL,Mining and quarrying (B),2012,6359964160,3030907648,B
NZL,Mining and quarrying (B),2013,6577782272,2935031040,B
NZL,Mining and quarrying (B),2014,6810828800,2973204480,B
NZL,Mining and quarrying (B),2015,4131173888,1658327424,B
NZL,Mining and quarrying (B),2016,3907345920,1693670528,B
NZL,Mining and quarrying (B),2017,,,B
NZL,Mining and quarrying (B),2018,,,B
NZL,Services,2010,139075010560,80975110144,S
NZL,Services,2011,159880937472,93024968704,S
NZL,Services,2012,168709996544,98324234240,S
NZL,Services,2013,179467436032,105021456384,S
NZL,Services,2014,190643470336,112265019392,S
NZL,Services,2015,168866955264,99843440640,S
NZL,Services,2016,178841272320,105500565504,S
NZL,Services,2017,,,S
NZL,Services,2018,,,S
PRT,"Agriculture, forestry and fishing (A)",2010,10031527936,4591464448,A
PRT,"Agriculture, forestry and fishing (A)",2011,10749064192,4466358272,A
PRT,"Agriculture, forestry and fishing (A)",2012,10106568704,4126408448,A
PRT,"Agriculture, forestry and fishing (A)",2013,10693543936,4704224768,A
PRT,"Agriculture, forestry and fishing (A)",2014,10720651264,4664987648,A
PRT,"Agriculture, forestry and fishing (A)",2015,9232405504,4090286848,A
PRT,"Agriculture, forestry and fishing (A)",2016,9192463360,4032408064,A
PRT,"Agriculture, forestry and fishing (A)",2017,9741836288,4346652672,A
PRT,"Agriculture, forestry and fishing (A)",2018,,,A
PRT,Manufacturing (C),2010,100944461824,27604209664,C
PRT,Manufacturing (C),2011,111992995840,27782350848,C
PRT,Manufacturing (C),2012,101411962880,24624539648,C
PRT,Manufacturing (C),2013,105791258624,26136727552,C
PRT,Manufacturing (C),2014,106989510656,27128944640,C
PRT,Manufacturing (C),2015,91234377728,24254615552,C
PRT,Manufacturing (C),2016,91252662272,25391589376,C
PRT,Manufacturing (C),2017,103534870528,27443554304,C
PRT,Manufacturing (C),2018,,,C
PRT,Mining and quarrying (B),2010,1803223936,946510016,B
PRT,Mining and quarrying (B),2011,1858109952,904885056,B
PRT,Mining and quarrying (B),2012,1640632704,816756864,B
PRT,Mining and quarrying (B),2013,1543781888,756840000,B
PRT,Mining and quarrying (B),2014,1478722304,703758656,B
PRT,Mining and quarrying (B),2015,1238684544,555306752,B
PRT,Mining and quarrying (B),2016,1208530048,556074880,B
PRT,Mining and quarrying (B),2017,1389081984,671111936,B
PRT,Mining and quarrying (B),2018,,,B
PRT,Services,2010,209378672640,128381222912,S
PRT,Services,2011,215548952576,131263291392,S
PRT,Services,2012,187323285504,114734088192,S
PRT,Services,2013,194305490944,120880144384,S
PRT,Services,2014,197354717184,122033561600,S
PRT,Services,2015,169281159168,104719712256,S
PRT,Services,2016,175023407104,108751659008,S
PRT,Services,2017,187651309568,115496116224,S
PRT,Services,2018,,,S
SRB,"Agriculture, forestry and fishing (A)",2010,6770593280,3153626112,A
SRB,"Agriculture, forestry and fishing (A)",2011,8382565376,3994332928,A
SRB,"Agriculture, forestry and fishing (A)",2012,6553506816,3172845056,A
SRB,"Agriculture, forestry and fishing (A)",2013,8351196672,3588055552,A
SRB,"Agriculture, forestry and fishing (A)",2014,7908424704,3325360128,A
SRB,"Agriculture, forestry and fishing (A)",2015,6042979840,2657513216,A
SRB,"Agriculture, forestry and fishing (A)",2016,6515725312,2763720448,A
SRB,"Agriculture, forestry and fishing (A)",2017,6149187072,2656344576,A
SRB,"Agriculture, forestry and fishing (A)",2018,,,A
SRB,Manufacturing (C),2010,27805652992,6399799296,C
SRB,Manufacturing (C),2011,31818770432,7501171712,C
SRB,Manufacturing (C),2012,28181166080,6851894784,C
SRB,Manufacturing (C),2013,31291226112,7800584192,C
SRB,Manufacturing (C),2014,27809318912,7042226688,C
SRB,Manufacturing (C),2015,23455387648,5830937088,C
SRB,Manufacturing (C),2016,24109467648,5988624384,C
SRB,Manufacturing (C),2017,26679091200,6657779712,C
SRB,Manufacturing (C),2018,,,C
SRB,Mining and quarrying (B),2010,1679489152,886391744,B
SRB,Mining and quarrying (B),2011,2407183616,1284265472,B
SRB,Mining and quarrying (B),2012,2206317056,1187460480,B
SRB,Mining and quarrying (B),2013,2369897216,1318207872,B
SRB,Mining and quarrying (B),2014,1911278208,1080244992,B
SRB,Mining and quarrying (B),2015,1489294080,849559744,B
SRB,Mining and quarrying (B),2016,1371101056,792300096,B
SRB,Mining and quarrying (B),2017,1626406400,939107072,B
SRB,Mining and quarrying (B),2018,,,B
SRB,Services,2010,57407320064,33399275520,S
SRB,Services,2011,65648406528,38183997440,S
SRB,Services,2012,58396082176,33631469568,S
SRB,Services,2013,33564940288,18956699648,S
SRB,Services,2014,33440305152,19051292672,S
SRB,Services,2015,27903293440,15687905280,S
SRB,Services,2016,28740276224,15864081408,S
SRB,Services,2017,31874527232,17331038208,S
SRB,Services,2018,,,S
SWE,"Agriculture, forestry and fishing (A)",2010,13014316032,6974794240,A
SWE,"Agriculture, forestry and fishing (A)",2011,15227433984,8092500480,A
SWE,"Agriculture, forestry and fishing (A)",2012,14099893248,7141533184,A
SWE,"Agriculture, forestry and fishing (A)",2013,14460762112,7097052672,A
SWE,"Agriculture, forestry and fishing (A)",2014,13987028992,6821959680,A
SWE,"Agriculture, forestry and fishing (A)",2015,11729326080,5987427328,A
SWE,"Agriculture, forestry and fishing (A)",2016,11529676800,5739085312,A
SWE,"Agriculture, forestry and fishing (A)",2017,,5717253120,A
SWE,"Agriculture, forestry and fishing (A)",2018,,,A
SWE,Manufacturing (C),2010,242099634176,79878610944,C
SWE,Manufacturing (C),2011,282421166080,90724892672,C
SWE,Manufacturing (C),2012,259347873792,82639806464,C
SWE,Manufacturing (C),2013,259275603968,86037217280,C
SWE,Manufacturing (C),2014,252526493696,83958759424,C
SWE,Manufacturing (C),2015,203025170432,68198793216,C
SWE,Manufacturing (C),2016,203373936640,68402540544,C
SWE,Manufacturing (C),2017,,72741388288,C
SWE,Manufacturing (C),2018,,,C
SWE,Mining and quarrying (B),2010,6386381312,3910774272,B
SWE,Mining and quarrying (B),2011,7688714752,4302427648,B
SWE,Mining and quarrying (B),2012,6706552832,3465231872,B
SWE,Mining and quarrying (B),2013,6258240000,2832066304,B
SWE,Mining and quarrying (B),2014,5688416256,2510937088,B
SWE,Mining and quarrying (B),2015,4166409216,1860853120,B
SWE,Mining and quarrying (B),2016,4542167552,1888579328,B
SWE,Mining and quarrying (B),2017,,2454947072,B
SWE,Mining and quarrying (B),2018,,,B
SWE,Services,2010,463242002432,251246460928,S
SWE,Services,2011,541697638400,294596804608,S
SWE,Services,2012,535371153408,292328767488,S
SWE,Services,2013,571478507520,316879306752,S
SWE,Services,2014,565038940160,315442167808,S
SWE,Services,2015,499969458176,279377772544,S
SWE,Services,2016,512277774336,286943412224,S
SWE,Services,2017,,297713729536,S
SWE,Services,2018,,,S
TUR,"Agriculture, forestry and fishing (A)",2010,,69670117376,A
TUR,"Agriculture, forestry and fishing (A)",2011,,68561960960,A
TUR,"Agriculture, forestry and fishing (A)",2012,108682928128,67757699072,A
TUR,"Agriculture, forestry and fishing (A)",2013,,63930613760,A
TUR,"Agriculture, forestry and fishing (A)",2014,,61559119872,A
TUR,"Agriculture, forestry and fishing (A)",2015,,59355664384,A
TUR,"Agriculture, forestry and fishing (A)",2016,,53409742848,A
TUR,"Agriculture, forestry and fishing (A)",2017,,51807375360,A
TUR,"Agriculture, forestry and fishing (A)",2018,,,A
TUR,Manufacturing (C),2010,,116563116032,C
TUR,Manufacturing (C),2011,,137208365056,C
TUR,Manufacturing (C),2012,493623607296,138781065216,C
TUR,Manufacturing (C),2013,,154369753088,C
TUR,Manufacturing (C),2014,,156864610304,C
TUR,Manufacturing (C),2015,,143674687488,C
TUR,Manufacturing (C),2016,,143364341760,C
TUR,Manufacturing (C),2017,,149495791616,C
TUR,Manufacturing (C),2018,,,C
TUR,Mining and quarrying (B),2010,,8379821056,B
TUR,Mining and quarrying (B),2011,,9345870848,B
TUR,Mining and quarrying (B),2012,16502970368,9530876928,B
TUR,Mining and quarrying (B),2013,,10200815616,B
TUR,Mining and quarrying (B),2014,,8868836352,B
TUR,Mining and quarrying (B),2015,,7079051264,B
TUR,Mining and quarrying (B),2016,,7075571712,B
TUR,Mining and quarrying (B),2017,,7419721728,B
TUR,Mining and quarrying (B),2018,,,B
TUR,Services,2010,,333322256384,S
TUR,Services,2011,,342658023424,S
TUR,Services,2012,606846582784,371017678848,S
TUR,Services,2013,,399045361664,S
TUR,Services,2014,,393822928896,S
TUR,Services,2015,,359225622528,S
TUR,Services,2016,,365890338816,S
TUR,Services,2017,,353103937536,S
TUR,Services,2018,,,S
USA,"Agriculture, forestry and fishing (A)",2010,378835697664,156289351680,A
USA,"Agriculture, forestry and fishing (A)",2011,440613306368,189073555456,A
USA,"Agriculture, forestry and fishing (A)",2012,460757762048,187695611904,A
USA,"Agriculture, forestry and fishing (A)",2013,496677912576,223828262912,A
USA,"Agriculture, forestry and fishing (A)",2014,508325888000,208273227776,A
USA,"Agriculture, forestry and fishing (A)",2015,464437805056,189947281408,A
USA,"Agriculture, forestry and fishing (A)",2016,439225253888,175923167232,A
USA,"Agriculture, forestry and fishing (A)",2017,445148102656,178579603456,A
USA,"Agriculture, forestry and fishing (A)",2018,,,A
USA,Manufacturing (C),2010,5021899423744,1788954411008,C
USA,Manufacturing (C),2011,5596954755072,1857682014208,C
USA,Manufacturing (C),2012,5777824153600,1919702794240,C
USA,Manufacturing (C),2013,5943377002496,1981753589760,C
USA,Manufacturing (C),2014,6046336679936,2039368646656,C
USA,Manufacturing (C),2015,5723023998976,2116235952128,C
USA,Manufacturing (C),2016,5584236576768,2080660520960,C
USA,Manufacturing (C),2017,5900762349568,2173319512064,C
USA,Manufacturing (C),2018,,,C
USA,Mining and quarrying (B),2010,486741803008,293283102720,B
USA,Mining and quarrying (B),2011,583825162240,338954354688,B
USA,Mining and quarrying (B),2012,595064193024,340813250560,B
USA,Mining and quarrying (B),2013,643694657536,367325184000,B
USA,Mining and quarrying (B),2014,725614067712,394831364096,B
USA,Mining and quarrying (B),2015,482134458368,247112400896,B
USA,Mining and quarrying (B),2016,373411577856,207615868928,B
USA,Mining and quarrying (B),2017,477974659072,258647425024,B
USA,Mining and quarrying (B),2018,,,B
USA,Services,2010,16007479427072,9927098630144,S
USA,Services,2011,16632798773248,10247448035328,S
USA,Services,2012,17369135054848,10703541895168,S
USA,Services,2013,17936488071168,11022422245376,S
USA,Services,2014,18820974510080,11527358775296,S
USA,Services,2015,19597864468480,12139495424000,S
USA,Services,2016,20426000433152,12630800465920,S
USA,Services,2017,21396182794240,13136860020736,S
USA,Services,2018,,,S
